Player,Tm,GP,W,L,Min,PassesMade,PassesReceived,Ast,FTAst,SecondaryAst,PotentialAst,AstPtsCreated,AstAdj,AstToPassRatio,AstToPassRatioAdj
Chris Paul,LAC,30,22,8,944,2011,2209,288,30,44,507,666,363,14.3,18.1
James Harden,HOU,30,22,8,1102,2001,2459,352,29,51,648,850,432,17.6,21.6
Damian Lillard,POR,31,13,18,1107,1911,2378,187,24,50,375,450,261,9.8,13.7
Tim Frazier,NOP,30,9,21,912,1839,1933,220,13,35,421,497,268,12,14.6
Eric Bledsoe,PHX,29,8,21,936,1821,2066,154,12,33,326,366,199,8.5,10.9
Sergio Rodriguez,PHI,27,6,21,737,1794,1954,171,17,34,356,406,222,9.5,12.4
Russell Westbrook,OKC,29,17,12,1018,1757,2220,312,33,35,579,715,381,17.8,21.7
Draymond Green,GSW,28,24,4,917,1729,1337,202,16,40,372,482,257,11.7,14.9
Jeff Teague,IND,31,15,16,998,1726,2037,226,18,45,457,530,289,13.1,16.7
Kemba Walker,CHA,28,16,12,938,1646,2019,154,21,43,325,384,217,9.4,13.2
Ish Smith,DET,30,14,16,801,1639,1796,173,9,27,324,409,209,10.6,12.8
Kyle Lowry,TOR,26,19,7,965,1633,1823,193,28,39,350,458,260,11.8,15.9
Rajon Rondo,CHI,23,11,12,717,1617,1559,172,17,26,320,382,215,10.6,13.3
Elfrid Payton,ORL,31,13,18,892,1602,1852,173,23,42,378,403,238,10.8,14.9
Dennis Schroder,ATL,28,13,15,864,1566,1937,178,16,49,363,420,245,11.4,15.6
Stephen Curry,GSW,30,26,4,991,1543,1837,176,15,71,324,413,263,11.4,17
Goran Dragic,MIA,25,9,16,860,1533,1839,167,12,31,324,405,210,10.9,13.7
John Wall,WAS,26,13,13,942,1525,1968,251,23,39,474,581,312,16.5,20.5
Isaiah Thomas,BOS,25,16,9,832,1506,1999,153,7,40,310,376,201,10.2,13.3
Blake Griffin,LAC,26,19,7,875,1505,1466,123,6,14,214,298,142,8.2,9.4
TJ McConnell,PHI,28,7,21,544,1490,1495,134,15,22,284,329,171,9,11.5
Ricky Rubio,MIN,23,7,16,725,1470,1490,159,14,39,305,364,212,10.8,14.4
LeBron James,CLE,25,21,4,929,1469,1755,221,19,32,415,579,271,15,18.4
Giannis Antetokounmpo,MIL,26,12,14,907,1466,1493,153,13,27,289,378,193,10.4,13.2
Emmanuel Mudiay,DEN,28,12,16,830,1428,1709,106,14,36,206,242,156,7.4,10.9
Marc Gasol,MEM,28,19,9,949,1405,1586,116,14,19,246,294,150,8.3,10.7
Brandon Jennings,NYK,29,16,13,688,1402,1550,160,16,28,339,381,203,11.4,14.5
Karl-Anthony Towns,MIN,28,9,19,992,1401,1200,69,11,16,141,159,96,4.9,6.9
Anthony Davis,NOP,29,10,19,1082,1399,1442,63,8,23,128,154,94,4.5,6.7
Derrick Rose,NYK,25,15,10,775,1390,1676,111,7,33,228,276,151,8,10.9
Ty Lawson,SAC,29,12,17,732,1376,1519,128,11,30,272,307,169,9.3,12.3
Deron Williams,DAL,21,6,15,639,1350,1554,138,11,26,263,336,174,10.2,12.9
DeMarcus Cousins,SAC,28,12,16,970,1342,1541,92,8,20,188,228,120,6.9,8.9
Nikola Vucevic,ORL,28,12,16,781,1340,1057,74,6,12,166,189,93,5.5,6.9
Tobias Harris,DET,30,14,16,975,1322,1244,53,5,8,119,127,66,4,5
Rudy Gobert,UTA,29,17,12,939,1309,817,26,2,9,66,63,37,2,2.8
Andrew Harrison,MEM,29,18,11,778,1292,1438,106,9,31,262,258,145,8.2,11.2
Nicolas Batum,CHA,28,15,13,968,1289,1235,157,18,27,280,357,202,12.2,15.7
Kyrie Irving,CLE,25,20,5,867,1286,1630,133,10,37,257,331,180,10.3,14
Thaddeus Young,IND,31,15,16,964,1283,978,46,7,15,95,110,68,3.6,5.3
Pau Gasol,SAS,28,22,6,743,1257,991,76,7,9,129,175,92,6,7.3
Jared Dudley,PHX,28,8,20,663,1255,933,49,4,16,99,115,69,3.9,5.5
CJ McCollum,POR,31,13,18,1069,1238,1634,111,10,33,225,281,155,9,12.5
Matthew Dellavedova,MIL,26,12,14,733,1226,1268,142,18,33,273,313,193,11.6,15.7
Taj Gibson,CHI,27,13,14,760,1221,979,39,2,17,69,86,58,3.2,4.8
Jameer Nelson,DEN,29,12,17,742,1218,1373,124,8,29,256,309,161,10.2,13.2
Mason Plumlee,POR,31,13,18,863,1217,1033,135,17,15,256,320,167,11.1,13.7
Shelvin Mack,UTA,29,17,12,661,1212,1334,90,11,15,178,219,116,7.4,9.6
Kristaps Porzingis,NYK,29,16,13,995,1206,1188,38,5,15,73,100,58,3.2,4.8
Mike Conley,MEM,20,12,8,635,1197,1448,115,11,38,257,277,164,9.6,13.7
Patty Mills,SAS,29,23,6,664,1195,1347,101,2,26,185,223,129,8.5,10.8
Trevor Booker,BKN,23,6,17,657,1185,820,58,7,11,119,155,76,4.9,6.4
Tyler Johnson,MIA,28,10,18,873,1180,1260,90,6,17,201,216,113,7.6,9.6
JaMychal Green,MEM,30,19,11,892,1178,802,39,1,15,76,88,55,3.3,4.7
Julius Randle,LAL,28,10,18,804,1166,990,94,11,15,198,250,120,8.1,10.3
Paul Millsap,ATL,25,13,12,840,1157,1163,93,7,14,202,225,113,8,9.8
Darren Collison,SAC,21,9,12,627,1141,1309,91,10,28,207,224,130,8,11.4
Kevin Durant,GSW,30,26,4,1019,1137,1259,139,14,30,247,350,183,12.2,16.1
Bismack Biyombo,ORL,30,13,17,794,1134,692,36,1,18,79,88,55,3.2,4.9
Jimmy Butler,CHI,27,13,14,986,1123,1423,118,7,21,254,273,147,10.5,13.1
Avery Bradley,BOS,29,17,12,1020,1118,1206,72,6,28,166,175,105,6.4,9.4
D.J. Augustin,ORL,31,13,18,640,1101,1323,95,12,22,181,229,129,8.6,11.7
Ersan Ilyasova,PHI,28,10,18,747,1100,982,41,2,10,90,104,53,3.7,4.8
Marcin Gortat,WAS,28,13,15,1001,1098,647,45,2,13,92,111,61,4.1,5.6
Frank Kaminsky,CHA,27,14,13,676,1098,896,67,4,14,115,162,84,6.1,7.7
Brandon Ingram,LAL,32,11,21,875,1097,1059,65,5,12,121,159,82,5.9,7.5
Serge Ibaka,ORL,31,13,18,948,1096,924,31,2,12,74,77,45,2.8,4.1
DeAndre Jordan,LAC,30,22,8,945,1092,570,23,1,11,46,59,35,2.1,3.2
Gorgui Dieng,MIN,28,9,19,902,1077,783,60,5,8,116,146,73,5.6,6.8
Zach LaVine,MIN,27,8,19,1023,1072,1358,85,7,14,168,193,106,7.9,9.9
Dario Saric,PHI,28,7,21,664,1060,965,47,6,15,94,117,68,4.4,6.4
Marcus Smart,BOS,26,15,11,779,1059,1115,109,5,26,205,265,141,10.3,13.3
Tony Parker,SAS,21,17,4,532,1049,1157,91,5,26,191,210,122,8.7,11.6
Jon Leuer,DET,29,14,15,774,1043,883,49,5,6,88,110,59,4.7,5.7
Seth Curry,DAL,25,7,18,672,1031,1134,69,4,11,156,167,84,6.7,8.1
Marvin Williams,CHA,23,12,11,634,1026,812,30,5,6,58,80,41,2.9,4
Marcus Morris,DET,30,14,16,965,1006,914,52,8,8,102,117,68,5.2,6.8
Wesley Matthews,DAL,28,8,20,1006,1005,1167,62,4,4,147,155,70,6.2,7
Matt Barnes,SAC,27,11,16,670,1001,716,68,4,18,115,157,90,6.8,9
Al Horford,BOS,19,12,7,627,1000,955,96,7,14,178,231,117,9.6,11.7
Nikola Jokic,DEN,26,11,15,623,997,737,84,2,14,152,197,100,8.4,10
Trey Lyles,UTA,29,17,12,637,985,879,39,3,14,70,103,56,4,5.7
Brandon Knight,PHX,29,8,21,704,982,1265,83,9,11,172,206,103,8.5,10.5
Kevin Love,CLE,24,19,5,772,980,865,42,2,11,81,101,56,4.3,5.7
Gordon Hayward,UTA,22,14,8,775,978,1194,80,8,14,151,208,102,8.2,10.4
Malcolm Brogdon,MIL,26,12,14,567,976,1018,84,12,18,160,206,114,8.6,11.7
Otto Porter,WAS,28,13,15,947,968,707,40,4,9,93,93,53,4.1,5.5
Clint Capela,HOU,28,21,7,686,968,655,26,0,17,55,71,43,2.7,4.4
Joakim Noah,NYK,25,12,13,539,964,572,63,7,12,107,148,82,6.5,8.5
Dwight Howard,ATL,25,11,14,724,963,639,30,4,12,65,70,46,3.1,4.8
Evan Turner,POR,29,13,16,724,961,901,87,7,14,165,204,108,9.1,11.2
James Johnson,MIA,26,10,16,637,961,820,62,10,7,138,153,79,6.5,8.2
Jabari Parker,MIL,26,12,14,852,958,971,54,11,13,125,139,78,5.6,8.1
Patrick Patterson,TOR,26,19,7,739,958,684,45,3,16,70,119,65,4.7,6.8
Terry Rozier,BOS,29,17,12,532,951,987,53,2,21,116,125,75,5.6,7.9
Carmelo Anthony,NYK,28,16,12,956,945,1171,81,6,13,145,193,100,8.6,10.6
Lou Williams,LAL,32,11,21,809,936,1306,108,7,24,174,244,139,11.5,14.9
Myles Turner,IND,30,15,15,884,929,763,30,4,10,51,76,44,3.2,4.7
Evan Fournier,ORL,31,13,18,1035,927,1238,108,13,22,215,248,142,11.7,15.3
Luol Deng,LAL,32,11,21,847,925,741,47,1,9,93,112,57,5.1,6.2
Ryan Anderson,HOU,30,22,8,924,921,844,30,0,13,65,79,44,3.3,4.8
Jrue Holiday,NOP,16,8,8,485,910,1042,103,9,15,202,246,128,11.3,14.1
Kawhi Leonard,SAS,29,23,6,968,900,1216,90,8,25,167,226,123,10,13.7
Nikola Mirotic,CHI,25,13,12,556,898,668,22,2,10,43,55,35,2.4,3.9
LaMarcus Aldridge,SAS,26,20,6,824,898,970,49,6,13,106,127,68,5.5,7.6
Harrison Barnes,DAL,29,8,21,1057,898,1063,37,5,9,100,108,51,4.1,5.7
Paul George,IND,24,12,12,861,893,1016,76,10,15,145,178,101,8.5,11.3
Devin Booker,PHX,28,8,20,926,887,1344,86,14,15,169,213,115,9.7,13
Cory Joseph,TOR,25,18,7,540,878,944,67,8,18,149,169,92,7.6,10.5
Trevor Ariza,HOU,30,22,8,1004,873,772,56,3,17,99,135,76,6.4,8.7
Jusuf Nurkic,DEN,27,11,16,544,873,699,37,6,8,74,86,50,4.2,5.7
D'Angelo Russell,LAL,19,8,11,492,871,1032,88,7,15,181,222,110,10.1,12.6
Sean Kilpatrick,BKN,24,6,18,677,869,1018,67,10,19,147,174,96,7.7,11
Andre Drummond,DET,29,13,16,875,863,588,29,1,20,59,66,50,3.4,5.8
Kris Dunn,MIN,28,9,19,476,863,887,68,5,16,141,163,89,7.9,10.3
Dwyane Wade,CHI,25,12,13,778,862,1186,90,7,17,171,209,114,10.4,13.2
Danilo Gallinari,DEN,26,11,15,896,846,863,57,3,15,107,127,75,6.7,8.9
Terrence Jones,NOP,30,10,20,748,834,718,34,4,10,77,80,48,4.1,5.8
DeMar DeRozan,TOR,26,19,7,919,833,1323,108,8,26,215,275,142,13,17
Jonas Jerebko,BOS,29,17,12,499,829,566,23,3,13,51,57,39,2.8,4.7
Jonas Valanciunas,TOR,24,18,6,668,825,526,19,0,9,52,46,28,2.3,3.4
Shaun Livingston,GSW,29,25,4,506,820,808,51,4,38,105,116,91,6.2,11.1
Markieff Morris,WAS,27,12,15,856,813,784,50,6,14,91,121,71,6.2,8.7
Courtney Lee,NYK,27,14,13,826,813,913,51,7,15,99,123,73,6.3,9
Wilson Chandler,DEN,26,11,15,806,812,846,49,2,14,105,127,65,6,8
Maurice Harkless,POR,30,13,17,923,810,697,26,4,14,61,65,44,3.2,5.4
Monta Ellis,IND,24,12,12,753,807,885,89,9,29,186,219,127,11,15.7
Andre Iguodala,GSW,29,26,3,716,807,738,97,8,35,170,232,141,12,17.5
Larry Nance Jr.,LAL,28,11,17,627,806,541,37,5,12,68,84,54,4.6,6.7
Garrett Temple,SAC,29,12,17,689,803,824,61,1,9,116,134,70,7.6,8.7
Domantas Sabonis,OKC,29,17,12,603,798,627,37,3,6,67,93,45,4.6,5.6
PJ Tucker,PHX,29,8,21,772,798,605,32,6,15,66,81,52,4,6.5
Jordan Clarkson,LAL,32,11,21,913,790,1081,74,7,9,151,172,90,9.4,11.4
Nik Stauskas,PHI,27,6,21,701,787,730,51,5,6,105,122,62,6.5,7.9
Hassan Whiteside,MIA,30,10,20,1019,787,586,19,2,10,48,40,31,2.4,3.9
Austin Rivers,LAC,29,21,8,685,786,924,61,3,20,123,150,82,7.8,10.4
Mike Muscala,ATL,28,13,15,607,781,609,41,6,16,80,103,62,5.2,7.9
Ramon Sessions,CHA,29,16,13,477,781,911,87,8,27,179,198,122,11.1,15.6
David Lee,SAS,29,23,6,504,780,548,44,8,11,76,112,63,5.6,8.1
Rudy Gay,SAC,23,9,14,771,780,832,68,3,13,126,155,84,8.7,10.8
Kelly Olynyk,BOS,23,14,9,483,779,679,38,4,6,81,95,48,4.9,6.2
Victor Oladipo,OKC,24,15,9,822,776,930,66,8,9,120,162,83,8.5,10.7
Jae Crowder,BOS,21,14,7,656,775,659,50,2,18,85,117,70,6.5,9
Tyson Chandler,PHX,21,5,16,581,770,392,11,3,12,33,28,26,1.4,3.4
Klay Thompson,GSW,30,26,4,1007,767,1123,63,5,29,110,145,97,8.2,12.6
Tristan Thompson,CLE,27,21,6,779,763,368,21,2,10,43,58,33,2.8,4.3
Semaj Christon,OKC,28,17,11,420,760,802,70,8,11,142,169,89,9.2,11.7
Malcolm Delaney,ATL,28,13,15,442,758,872,76,5,19,142,180,100,10,13.2
Jamal Crawford,LAC,30,22,8,756,754,977,63,8,19,134,154,90,8.4,11.9
Joel Embiid,PHI,19,5,14,461,754,803,34,5,11,75,89,50,4.5,6.6
Andre Roberson,OKC,29,17,12,915,751,573,30,3,7,70,75,40,4,5.3
Beno Udrih,DET,23,12,11,367,740,832,74,12,19,143,176,106,10,14.3
Andrew Wiggins,MIN,28,9,19,1032,737,1075,66,12,17,139,168,95,9,12.9
Patrick Beverley,HOU,19,16,3,583,734,719,91,8,18,172,231,118,12.4,16.1
Thabo Sefolosha,ATL,25,12,13,653,732,626,46,7,17,86,119,70,6.3,9.6
Kent Bazemore,ATL,26,11,15,711,732,838,69,5,24,109,158,98,9.4,13.4
Bradley Beal,WAS,25,13,12,874,727,1059,88,3,18,160,188,107,12.1,14.7
Robert Covington,PHI,25,7,18,725,725,642,31,2,9,63,77,42,4.3,5.8
Josh Richardson,MIA,20,6,14,595,724,787,44,5,8,107,109,57,6.1,7.9
Jeff Green,ORL,30,13,17,732,723,736,41,5,10,94,95,56,5.7,7.7
Kentavious Caldwell-Pope,DET,29,14,15,954,722,947,86,4,12,161,203,102,11.9,14.1
Steven Adams,OKC,29,17,12,862,720,577,23,3,13,67,58,39,3.2,5.4
Dwight Powell,DAL,29,8,21,619,719,481,26,1,5,62,68,32,3.6,4.5
Jahlil Okafor,PHI,24,6,18,554,714,707,25,2,7,64,63,34,3.5,4.8
Dante Exum,UTA,27,16,11,568,708,789,44,12,10,87,107,65,6.2,9.2
Brook Lopez,BKN,23,6,17,671,706,863,63,8,7,113,150,78,8.9,11
Solomon Hill,NOP,29,10,19,806,705,640,55,8,14,102,129,77,7.8,10.9
Joe Johnson,UTA,29,17,12,700,704,727,54,7,16,106,136,77,7.7,10.9
Kenneth Faried,DEN,28,12,16,629,703,433,23,3,14,50,59,40,3.3,5.7
Josh McRoberts,MIA,21,6,15,366,701,554,48,4,6,106,110,58,6.8,8.3
Rodney Hood,UTA,24,16,8,710,696,900,49,4,16,107,116,69,7,9.9
Aaron Gordon,ORL,31,13,18,802,690,744,53,8,16,107,127,77,7.7,11.2
Amir Johnson,BOS,29,17,12,572,687,552,50,4,17,93,119,71,7.3,10.3
Eric Gordon,HOU,30,22,8,920,685,971,84,6,10,154,202,99,12.3,14.5
Langston Galloway,NOP,30,9,21,634,679,823,45,5,11,98,102,61,6.6,9
Joe Ingles,UTA,29,17,12,561,675,657,56,5,20,111,128,82,8.3,12.1
Zach Randolph,MEM,23,15,8,512,671,683,36,4,7,74,89,47,5.4,7
Allen Crabbe,POR,31,13,18,869,669,663,37,7,9,70,93,52,5.5,7.8
Isaiah Whitehead,BKN,19,4,15,455,667,721,61,7,12,109,155,80,9.1,12
Rondae Hollis-Jefferson,BKN,21,5,16,465,664,575,42,4,11,96,110,57,6.3,8.6
Boris Diaw,UTA,20,11,9,424,661,612,51,9,8,107,123,68,7.7,10.3
Kyle Korver,ATL,26,11,15,738,653,598,59,7,13,94,130,79,9,12.1
Raymond Felton,LAC,28,21,7,486,649,649,40,2,20,90,103,63,6.2,9.7
Justin Anderson,DAL,27,6,21,499,648,557,20,3,6,50,48,29,3.1,4.5
Michael Kidd-Gilchrist,CHA,28,16,12,799,645,527,31,3,13,67,79,47,4.8,7.3
Ed Davis,POR,31,13,18,568,642,387,18,3,16,46,45,37,2.8,5.8
Timofey Mozgov,LAL,31,10,21,657,637,528,27,0,7,62,65,34,4.2,5.3
Justise Winslow,MIA,14,4,10,493,632,619,47,6,11,90,111,63,7.4,10
Bojan Bogdanovic,BKN,24,6,18,664,628,771,34,3,15,77,80,52,5.4,8.3
Alex Len,PHX,27,7,20,614,628,417,19,1,7,41,42,27,3,4.3
Aaron Brooks,IND,28,14,14,406,627,744,63,5,11,135,148,79,10,12.6
E'Twaun Moore,NOP,27,9,18,678,623,782,76,8,7,132,184,90,12.2,14.4
Sam Dekker,HOU,30,22,8,564,620,440,35,1,7,62,80,42,5.6,6.8
Marreese Speights,LAC,30,22,8,480,619,529,24,1,9,50,65,36,3.9,5.8
Robin Lopez,CHI,27,13,14,779,618,524,20,1,16,44,44,37,3.2,6
Kyle O'Quinn,NYK,28,15,13,434,613,418,33,2,5,64,73,40,5.4,6.5
George Hill,UTA,11,8,3,360,612,720,46,2,11,76,117,60,7.5,9.8
Andrew Bogut,DAL,16,4,12,400,605,366,35,1,8,84,84,44,5.8,7.3
J.J. Barea,DAL,11,3,8,320,603,708,57,4,9,123,137,70,9.5,11.6
Manu Ginobili,SAS,24,19,5,464,597,670,61,6,20,108,148,87,10.2,14.6
Vince Carter,MEM,23,13,10,563,593,516,42,2,12,67,94,56,7.1,9.4
Danny Green,SAS,21,17,4,533,590,523,41,3,12,62,92,56,6.9,9.5
Marco Belinelli,CHA,29,16,13,749,590,703,52,6,15,112,120,74,8.8,12.5
Kosta Koufos,SAC,29,12,17,571,589,377,16,2,4,38,38,22,2.7,3.7
Nemanja Bjelica,MIN,26,9,17,425,587,465,30,4,11,64,76,45,5.1,7.7
Jamal Murray,DEN,29,12,17,628,587,724,59,4,13,108,140,76,10.1,12.9
Jarell Martin,MEM,29,18,11,440,584,374,6,0,8,19,14,14,1,2.4
Omer Asik,NOP,28,10,18,468,575,277,15,1,4,30,38,20,2.6,3.5
Justin Hamilton,BKN,19,5,14,398,575,448,14,2,8,31,39,24,2.4,4.2
Jonathon Simmons,SAS,29,23,6,530,572,630,50,5,13,100,125,68,8.7,11.9
JJ Redick,LAC,29,21,8,778,568,831,26,4,9,53,60,39,4.6,6.9
Iman Shumpert,CLE,26,20,6,603,567,584,49,6,11,88,121,66,8.6,11.6
Dorian Finney-Smith,DAL,28,8,20,625,566,488,27,6,6,58,74,39,4.8,6.9
Meyers Leonard,POR,28,12,16,441,561,462,23,4,6,45,62,33,4.1,5.9
Joe Harris,BKN,24,6,18,587,560,609,30,6,7,73,76,43,5.4,7.7
Tim Hardaway Jr.,ATL,28,13,15,606,556,707,46,3,8,90,105,57,8.3,10.3
Marquese Chriss,PHX,29,8,21,493,555,481,15,0,6,31,33,21,2.7,3.8
Jerami Grant,OKC,28,14,14,572,550,469,12,2,7,41,32,21,2.2,3.8
Gerald Henderson,PHI,27,7,20,663,548,637,43,1,8,94,107,52,7.8,9.5
Zaza Pachulia,GSW,26,23,3,461,543,366,60,3,18,84,140,81,11,14.9
Dion Waiters,MIA,16,5,11,509,542,706,63,3,3,126,157,70,11.6,12.9
Willy Hernangomez,NYK,24,14,10,341,528,374,20,4,6,38,46,30,3.8,5.7
Enes Kanter,OKC,29,17,12,564,528,492,21,3,8,49,52,32,4,6.1
David West,GSW,30,26,4,330,519,425,54,2,14,86,119,70,10.4,13.5
Isaiah Canaan,CHI,24,12,12,476,517,569,22,1,10,52,48,32,4.3,6.2
Nick Young,LAL,25,10,15,648,517,664,27,6,8,56,65,41,5.2,7.9
Will Barton,DEN,17,8,9,522,516,623,40,6,12,95,101,58,7.8,11.2
Justin Holiday,NYK,29,16,13,554,516,560,33,5,9,67,82,48,6.4,9.3
Wade Baldwin IV,MEM,20,12,8,290,515,566,43,3,11,92,100,58,8.3,11.3
Richard Jefferson,CLE,27,21,6,514,504,371,26,2,10,50,62,38,5.2,7.5
Buddy Hield,NOP,31,10,21,586,503,606,37,2,5,84,84,44,7.4,8.7
Tony Allen,MEM,23,14,9,631,503,443,22,7,9,45,53,38,4.4,7.6
Arron Afflalo,SAC,25,10,15,597,498,546,27,4,11,63,69,42,5.4,8.4
Pascal Siakam,TOR,26,19,7,497,488,357,12,1,7,23,27,20,2.5,4.1
Mirza Teletovic,MIL,23,10,13,405,488,415,16,0,2,34,39,18,3.3,3.7
Nene,HOU,25,17,8,423,487,410,20,3,10,46,50,33,4.1,6.8
Glenn Robinson,IND,29,14,15,627,487,448,20,0,7,37,50,27,4.1,5.5
Spencer Hawes,CHA,22,12,10,366,483,443,36,6,6,65,81,48,7.5,9.9
Tony Snell,MIL,25,12,13,746,478,496,34,5,7,64,81,46,7.1,9.6
Al Jefferson,IND,31,15,16,474,478,460,24,2,10,52,57,36,5,7.5
Lavoy Allen,IND,27,13,14,355,477,294,26,0,4,49,62,30,5.5,6.3
Rodney McGruder,MIA,27,9,18,691,471,452,36,1,7,76,85,44,7.6,9.3
JR Smith,CLE,21,16,5,607,468,498,26,2,10,51,65,37,5.6,7.9
Trey Burke,WAS,24,11,13,288,459,562,31,2,13,71,73,46,6.8,10
Joffrey Lauvergne,OKC,25,15,10,363,455,356,23,2,4,43,53,29,5.1,6.4
CJ Miles,IND,25,12,13,566,453,482,17,0,6,43,35,23,3.8,5.1
Greg Monroe,MIL,25,12,13,480,452,422,54,3,10,91,130,67,11.9,14.8
Tomas Satoransky,WAS,21,9,12,319,449,471,48,3,2,100,117,53,10.7,11.8
Channing Frye,CLE,20,15,5,364,449,379,15,5,5,25,41,25,3.3,5.6
Rodney Stuckey,IND,16,8,8,339,445,483,35,2,11,75,87,48,7.9,10.8
Randy Foye,BKN,17,4,13,283,438,462,33,2,7,83,86,42,7.5,9.6
John Henson,MIL,24,11,13,491,436,375,24,4,4,49,57,32,5.5,7.3
Cody Zeller,CHA,26,16,10,672,436,423,32,2,14,74,78,48,7.3,11
Omri Casspi,SAC,16,6,10,323,433,332,22,1,7,37,54,30,5.1,6.9
Richaun Holmes,PHI,21,5,16,337,432,395,18,2,8,30,48,28,4.2,6.5
Reggie Jackson,DET,10,3,7,257,428,563,48,7,7,96,120,62,11.2,14.5
Ian Clark,GSW,27,23,4,379,427,493,33,4,18,58,78,54,7.7,12.6
Wesley Johnson,LAC,24,17,7,311,426,274,11,0,5,21,22,15,2.6,3.5
Jonathan Gibson,DAL,16,4,12,231,420,497,26,1,10,67,68,38,6.2,9
Kyle Anderson,SAS,25,19,6,331,415,308,21,2,14,46,53,37,5.1,8.9
Jose Calderon,LAL,14,4,10,195,402,409,36,1,3,74,78,40,9,10
Derrick Favors,UTA,14,9,5,306,402,349,7,2,8,19,17,16,1.7,4
Marcus Thornton,WAS,27,12,15,479,401,480,32,3,7,62,72,42,8,10.5
Jason Smith,WAS,26,12,14,280,401,257,8,1,2,15,19,11,2,2.7
Luke Babbitt,MIA,23,8,15,336,400,302,9,3,1,21,22,13,2.3,3.3
DeMarre Carroll,TOR,21,16,5,547,400,388,22,4,8,44,52,34,5.5,8.5
Kelly Oubre Jr.,WAS,26,11,15,489,395,312,15,2,6,31,39,24,3.8,6.1
Derrick Williams,MIA,16,3,13,265,389,332,6,1,3,22,16,10,1.5,2.6
Salah Mejri,DAL,25,6,19,355,385,203,8,0,7,25,21,15,2.1,3.9
Dante Cunningham,NOP,18,7,11,402,382,278,10,4,5,26,27,19,2.6,5
Anthony Tolliver,SAC,17,8,9,293,379,281,13,0,5,36,31,18,3.4,4.7
Leandro Barbosa,PHX,28,8,20,392,376,475,30,2,6,68,75,38,8,10.1
Luc Mbah a Moute,LAC,28,20,8,636,376,343,9,2,5,21,24,16,2.4,4.3
Cole Aldrich,MIN,26,8,18,339,375,208,15,1,9,28,36,25,4,6.7
Luis Scola,BKN,21,5,16,253,371,297,17,1,5,36,41,23,4.6,6.2
Alexis Ajinca,NOP,19,4,15,272,369,219,7,1,5,17,18,13,1.9,3.5
Tarik Black,LAL,24,11,13,358,365,252,14,4,5,30,39,23,3.8,6.3
Kris Humphries,ATL,19,9,10,206,364,253,9,0,8,22,21,17,2.5,4.7
Tyler Zeller,BOS,24,14,10,304,364,327,24,1,7,55,56,32,6.6,8.8
Tyus Jones,MIN,18,5,13,208,363,377,43,4,9,74,107,56,11.8,15.4
Stanley Johnson,DET,26,12,14,370,363,341,24,5,7,47,58,36,6.6,9.9
Jerian Grant,CHI,20,9,11,257,361,392,23,1,8,46,52,32,6.4,8.9
Michael Beasley,MIL,22,10,12,353,361,331,19,1,14,41,43,34,5.3,9.4
TJ Warren,PHX,16,4,12,473,358,458,14,0,7,31,30,21,3.9,5.9
Troy Daniels,MEM,19,10,9,415,348,458,17,3,5,44,38,24,4.9,6.9
Jaylen Brown,BOS,29,17,12,406,346,346,16,0,4,41,39,20,4.6,5.8
James Ennis III,MEM,16,10,6,444,345,294,21,2,5,39,49,28,6.1,8.1
Noah Vonleh,POR,24,10,14,282,343,196,4,3,6,13,11,13,1.2,3.8
Montrezl Harrell,HOU,21,17,4,305,343,297,16,1,7,24,35,24,4.7,7
Aron Baynes,DET,30,14,16,477,343,274,10,1,2,38,23,13,2.9,3.8
Dewayne Dedmon,SAS,23,17,6,337,339,207,9,0,4,18,20,13,2.7,3.8
Ben McLemore,SAC,23,11,12,388,336,387,15,2,6,33,36,23,4.5,6.8
Hollis Thompson,PHI,27,7,20,490,332,345,23,2,4,37,55,29,6.9,8.7
Al-Farouq Aminu,POR,13,6,7,319,323,238,23,1,5,32,56,29,7.1,9
CJ Watson,ORL,21,8,13,246,314,300,22,5,2,56,58,29,7,9.2
Bobby Portis,CHI,20,9,11,253,313,244,15,1,2,35,35,17,4.8,5.4
Nicolas Laprovittola,SAS,17,14,3,172,307,345,28,2,2,50,65,32,9.1,10.4
Jeremy Lin,BKN,6,1,5,156,306,356,37,3,3,77,86,43,12.1,14.1
Davis Bertans,SAS,23,20,3,249,304,237,13,3,2,27,34,18,4.3,5.9
Lucas Nogueira,TOR,19,13,6,357,302,162,14,1,5,29,38,20,4.6,6.6
Lance Thomas,NYK,18,8,10,291,298,264,5,1,4,19,13,10,1.7,3.4
Kevon Looney,GSW,26,23,3,237,297,210,17,2,4,24,44,23,5.7,7.7
Corey Brewer,HOU,30,22,8,421,295,266,29,3,4,53,75,37,9.8,12.5
DeAndre Liggins,CLE,19,16,3,276,294,284,22,3,11,38,56,36,7.5,12.2
Cristiano Felicio,CHI,19,9,10,232,293,195,9,0,4,19,21,13,3.1,4.4
Troy Williams,MEM,23,15,8,413,292,303,19,1,1,44,44,21,6.5,7.2
Thomas Robinson,LAL,19,5,14,196,288,176,9,1,1,21,22,11,3.1,3.8
Doug McDermott,CHI,15,8,7,371,287,309,17,1,4,27,39,22,5.9,7.7
Marcelo Huertas,LAL,13,3,10,150,285,284,37,4,2,64,83,43,13,15.1
Tyler Ulis,PHX,17,2,15,159,282,320,27,2,7,59,69,36,9.6,12.8
Patrick McCaw,GSW,25,22,3,317,280,305,26,0,9,51,60,36,9.3,12.9
Tyler Ennis,HOU,17,11,6,130,277,301,24,0,2,49,57,25,8.7,9
Mindaugas Kuzminskas,NYK,24,12,12,265,275,247,21,0,4,35,49,25,7.6,9.1
Jeremy Lamb,CHA,18,10,8,283,274,273,16,3,4,36,38,23,5.8,8.4
Jeff Withey,UTA,23,14,9,219,269,166,2,0,2,10,5,4,0.7,1.5
Jason Terry,MIL,22,10,12,360,267,283,29,1,4,47,69,34,10.9,12.7
Mike Dunleavy,CLE,20,17,3,313,262,267,18,0,7,39,49,26,6.9,9.9
Norman Powell,TOR,22,17,5,321,257,289,22,1,5,41,55,28,8.6,10.9
Terrence Ross,TOR,25,18,7,498,257,353,15,1,3,29,35,19,5.8,7.4
Willie Cauley-Stein,SAC,25,10,15,318,256,226,9,1,4,22,21,14,3.5,5.5
Dragan Bender,PHX,23,5,18,252,246,194,7,1,4,8,16,12,2.8,4.9
Devin Harris,DAL,13,5,8,187,244,247,18,2,2,37,40,22,7.4,9
Alex Abrines,OKC,22,11,11,282,241,262,9,3,3,20,24,15,3.7,6.2
Lance Stephenson,NOP,6,0,6,162,237,270,29,0,4,68,69,33,12.2,13.9
Anthony Bennett,BKN,18,3,15,196,235,161,7,0,3,17,18,10,3,4.3
Darrell Arthur,DEN,13,5,8,179,229,180,15,1,2,23,38,18,6.6,7.9
Yogi Ferrell,BKN,10,1,9,151,223,262,17,3,2,41,49,22,7.6,9.9
Roy Hibbert,CHA,23,12,11,358,221,198,15,1,1,27,36,18,6.8,8.1
Denzel Valentine,CHI,19,9,10,223,215,220,10,0,7,24,25,17,4.7,7.9
Wayne Ellington,MIA,11,4,7,339,214,273,22,1,3,40,52,26,10.3,12.1
Juan Hernangomez,DEN,22,9,13,246,209,146,10,0,2,24,27,13,4.8,6.2
Shabazz Napier,POR,19,6,13,133,205,241,20,2,1,41,46,23,9.8,11.2
Darrun Hilliard,DET,19,10,9,226,204,254,17,4,3,40,44,24,8.3,11.8
Nicolas Brussino,DAL,22,5,17,150,202,177,18,3,2,35,43,23,8.9,11.4
Andrew Nicholson,WAS,20,11,9,187,196,159,6,1,4,10,15,11,3.1,5.6
JaVale McGee,GSW,26,22,4,216,195,169,8,0,3,15,18,11,4.1,5.6
Damjan Rudez,ORL,18,6,12,145,192,156,7,1,1,24,17,9,3.6,4.7
Anthony Morrow,OKC,23,13,10,390,190,253,14,2,2,26,34,18,7.4,9.5
Toney Douglas,MEM,6,5,1,107,184,195,16,2,6,33,37,24,8.7,13
Sasha Vujacic,NYK,18,9,9,125,180,179,14,1,3,26,35,18,7.8,10
Gary Harris,DEN,9,4,5,228,180,227,25,2,1,37,65,28,13.9,15.6
Chandler Parsons,MEM,7,5,2,141,177,187,7,0,5,23,18,12,4,6.8
Shabazz Muhammad,MIN,25,7,18,417,168,263,12,0,5,23,26,17,7.1,10.1
Taurean Prince,ATL,18,9,9,189,166,178,12,1,2,27,29,15,7.2,9
Mario Hezonja,ORL,19,6,13,186,166,196,10,1,5,24,22,16,6,9.6
Miles Plumlee,MIL,19,9,10,209,163,137,15,1,5,24,35,21,9.2,12.9
Kay Felder,CLE,12,8,4,110,159,199,21,4,1,29,60,26,13.2,16.4
Joe Young,IND,16,7,9,99,159,203,10,2,5,36,24,17,6.3,10.7
Jerryd Bayless,PHI,3,1,2,71,157,180,13,0,4,24,32,17,8.3,10.8
Ron Baker,NYK,10,3,7,95,151,168,9,2,5,19,24,16,6,10.6
Brandon Bass,LAC,15,11,4,142,148,137,8,2,2,16,22,12,5.4,8.1
Dirk Nowitzki,DAL,5,0,5,131,145,148,7,0,3,17,16,10,4.8,6.9
Jodie Meeks,ORL,11,6,5,192,143,185,13,1,3,22,28,17,9.1,11.9
Deyonta Davis,MEM,21,14,7,165,142,97,2,0,0,7,4,2,1.4,1.4
Jakob Poeltl,TOR,14,12,2,160,141,76,4,0,5,10,10,9,2.8,6.4
Kyle Singler,OKC,15,8,7,175,140,126,3,0,1,7,8,4,2.1,2.9
Jordan McRae,CLE,17,13,4,161,139,180,9,0,4,22,23,13,6.5,9.4
Willie Reed,MIA,22,9,13,252,138,98,6,0,2,12,13,8,4.3,5.8
Kevin Seraphin,IND,14,5,9,125,133,95,8,1,2,20,19,11,6,8.3
Chris Andersen,CLE,12,8,4,114,129,79,5,1,1,10,14,7,3.9,5.4
Paul Pierce,LAC,9,7,2,109,128,109,2,0,0,7,5,2,1.6,1.6
Adreian Payne,MIN,9,3,6,84,124,102,3,2,1,11,8,6,2.4,4.8
James Jones,CLE,16,12,4,96,119,97,2,0,1,6,6,3,1.7,2.5
Anthony Brown,NOP,9,3,6,143,118,114,6,2,0,12,15,8,5.1,6.8
Gerald Green,BOS,13,8,5,127,118,131,16,2,2,21,38,20,13.6,16.9
Timothe Luwawu-Cabarrot,PHI,18,3,15,121,118,107,6,1,2,15,15,9,5.1,7.6
Jordan Mickey,BOS,9,4,5,68,118,86,3,0,2,12,6,5,2.5,4.2
Anderson Varejao,GSW,9,7,2,62,117,81,7,0,0,15,18,7,6,6
Raul Neto,UTA,14,7,7,80,113,134,8,2,1,14,24,11,7.1,9.7
Georges Niang,IND,14,7,7,75,107,83,5,0,1,11,11,6,4.7,5.6
James Michael McAdoo,GSW,14,11,3,83,102,80,3,0,3,11,10,7,2.9,6.9
Brandon Rush,MIN,11,2,9,121,101,99,7,0,1,12,16,8,6.9,7.9
Maurice Ndour,NYK,13,6,7,99,93,76,1,0,1,7,2,2,1.1,2.2
Caris LeVert,BKN,7,2,5,85,93,89,11,0,3,20,29,14,11.8,15.1
Alan Williams,PHX,12,2,10,102,92,50,1,0,0,5,3,1,1.1,1.1
Jake Layman,POR,17,6,11,118,88,107,6,0,1,8,14,7,6.8,8
KJ McDaniels,HOU,17,12,5,171,87,108,2,0,1,9,4,3,2.3,3.4
Sheldon McClellan,WAS,8,2,6,97,86,92,4,0,2,7,9,6,4.7,7
Nick Collison,OKC,9,3,6,53,86,69,7,1,0,13,17,8,8.1,9.3
Cheick Diallo,NOP,6,2,4,79,84,52,2,1,1,2,5,4,2.4,4.8
Mike Scott,ATL,5,1,4,53,83,70,6,0,0,11,14,6,7.2,7.2
Rashad Vaughn,MIL,13,6,7,140,82,107,4,0,3,4,9,7,4.9,8.5
Spencer Dinwiddie,BKN,5,1,4,43,81,87,5,0,0,13,12,5,6.2,6.2
Dejounte Murray,SAS,12,8,4,54,79,94,8,0,1,18,19,9,10.1,11.4
Jordan Farmar,SAC,2,1,1,35,76,82,9,0,0,12,21,9,11.8,11.8
Greivis Vasquez,BKN,2,1,1,32,74,70,5,2,3,15,16,10,6.8,13.5
Alonzo Gee,DEN,12,4,8,85,70,52,6,0,0,12,16,6,8.6,8.6
Brian Roberts,CHA,7,4,3,44,70,83,4,0,1,21,10,5,5.7,7.1
Tyreke Evans,NOP,3,1,2,41,68,73,8,1,2,12,20,11,11.8,16.2
Michael Carter-Williams,CHI,2,2,0,40,64,69,8,0,3,13,19,11,12.5,17.2
James Young,BOS,11,6,5,64,61,49,3,2,0,10,9,5,4.9,8.2
Pat Connaughton,POR,12,4,8,65,61,53,4,0,2,8,10,6,6.6,9.8
Metta World Peace,LAL,12,1,11,70,59,54,4,1,0,7,8,5,6.8,8.5
Alan Anderson,LAC,8,7,1,86,54,57,3,0,4,3,6,7,5.6,13
Reggie Williams,NOP,5,1,4,63,53,64,4,0,0,8,9,4,7.5,7.5
Henry Ellenson,DET,8,4,4,31,53,43,1,0,1,3,2,2,1.9,3.8
Fred VanVleet,TOR,7,7,0,37,52,60,7,0,1,11,15,8,13.5,15.4
Ryan Kelly,ATL,8,3,5,39,52,35,4,0,1,8,10,5,7.7,9.6
Chris McCullough,BKN,8,0,8,39,50,41,1,0,2,1,2,3,2,6
Ivica Zubac,LAL,6,2,4,37,45,30,0,0,2,0,0,2,0,4.4
Boban Marjanovic,DET,12,7,5,62,44,53,1,1,2,4,2,4,2.3,9.1
DeAndre' Bembry,ATL,9,4,5,44,42,46,2,1,0,3,2,3,4.8,7.1
CJ Wilcox,ORL,10,3,7,57,42,48,7,0,1,10,18,8,16.7,19
Quincy Acy,DAL,6,0,6,48,41,32,0,0,0,1,0,0,0,0
Udonis Haslem,MIA,8,2,6,41,41,31,1,0,0,2,2,1,2.4,2.4
Malik Beasley,DEN,10,4,6,54,41,54,3,0,5,5,7,8,7.3,19.5
AJ Hammons,DAL,15,3,12,70,41,46,2,0,1,5,6,3,4.9,7.3
Paul Zipser,CHI,7,4,3,42,40,43,3,0,0,6,7,3,7.5,7.5
Treveon Graham,CHA,6,4,2,53,39,37,2,0,0,5,5,2,5.1,5.1
Bryn Forbes,SAS,12,9,3,55,37,40,1,2,3,2,5,6,2.7,16.2
Thon Maker,MIL,10,5,5,37,36,28,0,0,0,0,0,0,0,0
Mike Miller,DEN,4,0,4,17,32,24,4,0,0,8,9,4,12.5,12.5
Arinze Onuaku,ORL,5,2,3,20,29,21,0,0,0,6,0,0,0,0
Stephen Zimmerman,ORL,5,1,4,20,29,20,1,0,0,2,2,1,3.4,3.4
Nerlens Noel,PHI,3,1,2,25,29,27,0,0,1,0,0,1,0,3.4
Tim Quarterman,POR,10,4,6,34,28,34,4,0,0,9,9,4,14.3,14.3
Marshall Plumlee,NYK,3,2,1,27,27,8,1,0,0,1,3,1,3.7,3.7
Bobby Brown,HOU,6,4,2,22,26,35,0,0,1,1,0,1,0,3.8
Archie Goodwin,NOP,3,1,2,30,26,33,1,0,0,6,3,1,3.8,3.8
Reggie Bullock,DET,4,1,3,42,26,39,1,0,1,2,2,2,3.8,7.7
Joel Bolomboy,UTA,9,6,3,20,26,19,1,0,0,2,2,1,3.8,3.8
Kyle Wiltjer,HOU,6,5,1,18,25,23,0,0,0,0,0,0,0,0
Michael Gbinije,DET,7,5,2,26,24,18,2,0,0,2,5,2,8.3,8.3
Skal Labissiere,SAC,3,0,3,24,20,15,0,0,1,0,0,1,0,5
Aaron Harrison,CHA,4,2,2,15,19,18,2,0,0,3,5,2,10.5,10.5
Daniel Ochefu,WAS,6,3,3,23,18,12,1,0,1,1,3,2,5.6,11.1
Demetrius Jackson,BOS,4,1,3,17,18,22,3,0,0,4,4,3,16.7,16.7
Malachi Richardson,SAC,4,1,3,22,18,21,2,0,0,2,4,2,11.1,11.1
Bruno Caboclo,TOR,4,4,0,16,17,12,3,0,0,3,7,3,17.6,17.6
Jordan Hill,MIN,3,1,2,16,16,9,0,0,0,0,0,0,0,0
John Lucas III,MIN,5,3,2,11,13,15,1,0,0,3,2,1,7.7,7.7
Ian Mahinmi,WAS,1,0,1,14,11,11,0,0,0,0,0,0,0,0
Diamond Stone,LAC,4,4,0,16,10,12,0,0,0,0,0,0,0,0
John Jenkins,PHX,4,0,4,13,9,11,1,1,0,1,2,2,11.1,22.2
Rakeem Christmas,IND,3,0,3,14,8,6,1,0,0,1,2,1,12.5,12.5
Georgios Papagiannis,SAC,1,0,1,6,8,6,0,0,0,1,0,0,0,0
RJ Hunter,CHI,3,2,1,9,8,7,0,0,0,1,0,0,0,0
Steve Novak,MIL,4,3,1,11,7,6,0,0,0,0,0,0,0,0
Christian Wood,CHA,1,1,0,3,5,2,0,0,0,0,0,0,0,0
Derrick Jones, Jr.,PHX,2,0,2,6,4,5,0,0,0,0,0,0,0,0
Jarnell Stokes,DEN,2,0,2,7,4,3,2,0,0,2,6,2,50,50
Damian Jones,GSW,1,0,1,9,4,4,0,0,0,0,0,0,0,0
Edy Tavares,ATL,1,1,0,4,3,2,0,0,1,0,0,1,0,33.3
Danuel House,WAS,1,0,1,1,1,0,0,0,0,0,0,0,0,0
